{"Train Loss": 4.26886, "Valid Loss": 3.56198, "_runtime": 957, "_timestamp": 1640026324, "_step": 0}